Index,data_id,sample,peptide,peptide_range,start_seq,end_seq,charge,time,time_idx,rep,max_Int,centroid,env_width,env_symm,max_namides,UN_TD_corr,fit_pops,p-value,centroid_1,Dabs_1,Dabs_std_1,pop_1,pop_std_1,centroid_2,Dabs_2,Dabs_std_2,pop_2,pop_std_2,centroid_3,Dabs_3,Dabs_std_3,pop_3,pop_std_3,solution_npops
0,5,GluFib_HI,EGVNDNEEGFFSAR,0001-0014,1,14,2,0.0,0,1,469600.0,786.2861979336595,3.011352546521721,2.0,13,0.9231187031756025,3,1.0,786.2942799989855,6.45784528320227e-08,2.6805765942085394e-07,0.5710830055593943,0.2839595367274703,786.2942799989854,0.007909388152442859,0.02993192469322034,0.41198963106139175,0.2828962301783559,791.0996622537963,9.160906396138078,4.392833795250588,0.01692736337921397,0.06170904015793494,1
0,5,GluFib_HI,EGVNDNEEGFFSAR,0001-0014,1,14,2,900.0,15,1,155800.0,789.2402922897611,10.513767934625776,1.1,13,0.9231187031756025,3,1.0,788.1749723332558,3.343693476478247,1.3815715129035386,0.24916182080200114,0.18583771974078622,789.5494071212092,6.456025089506414,1.195015928041444,0.5623400471090207,0.24135850789887403,790.9310701847398,10.697459803293702,2.333360106666556,0.188498132088978,0.26641331073886454,2
0,5,GluFib_HI,EGVNDNEEGFFSAR,0001-0014,1,14,2,1000000.0,22,1,263300.0,792.2768770084399,7.156561034493961,1.1,13,0.9231187031756025,3,1.0,786.3837735762993,1.2779624826907918,2.390324093016389,0.0054819024843141126,0.003094918333624776,790.7269432180439,8.508342109258583,3.074092928495744,0.04971868229850531,0.0890758821281532,792.3000107870332,12.97129411561026,0.12279372200998427,0.9447994152171806,0.0895850324361,1
