Index,data_id,sample,peptide,peptide_range,start_seq,end_seq,charge,time,time_idx,rep,max_Int,centroid,env_width,env_symm,max_namides,UN_TD_corr,fit_pops,p-value,centroid_1,Dabs_1,Dabs_std_1,pop_1,pop_std_1,centroid_2,Dabs_2,Dabs_std_2,pop_2,pop_std_2,solution_npops
0,5,GluFib_HI,EGVNDNEEGFFSAR,0001-0014,1,14,2,0.0,0,1,469600.0,786.2861979336595,3.011352546521721,2.0,13,0.9231187031756025,2,1.0,786.2942799989852,0.0015914405539829552,0.003402466337189644,0.4639349667536026,0.3136133132423815,786.2942799989856,0.04086977495270525,0.09247577529685816,0.5360650332463974,0.3136133132423815,1
0,5,GluFib_HI,EGVNDNEEGFFSAR,0001-0014,1,14,2,900.0,15,1,155800.0,789.2402922897611,10.513767934625776,1.1,13,0.9231187031756025,2,1.0,787.6701070024033,3.1140369360453897,0.8008486394139087,0.1696438416967107,0.10317875436408831,789.4667088015107,6.896886045282112,0.21729035266882182,0.8303561583032893,0.10317875436408833,2
0,5,GluFib_HI,EGVNDNEEGFFSAR,0001-0014,1,14,2,1000000.0,22,1,263300.0,792.2768770084399,7.156561034493961,1.1,13,0.9231187031756025,2,1.0,786.4337139068981,1.4337170442296396,1.7218269885368418,0.005735539714133318,0.0038040545763859393,792.2950279108346,12.907831768036555,0.02954335531038698,0.9942644602858668,0.003804054576385943,1
