Index,data_id,sample,peptide,peptide_range,start_seq,end_seq,charge,time,time_idx,rep,max_Int,centroid,env_width,env_symm,max_namides,UN_TD_corr,fit_pops,p-value,centroid_1,Dabs_1,Dabs_std_1,pop_1,pop_std_1,solution_npops
0,5,GluFib_HI,EGVNDNEEGFFSAR,0001-0014,1,14,2,0.0,0,1,469600.0,786.2861979336595,3.011352546521721,2.0,13,0.9231187031756025,1,1.0,786.294279998986,0.0015920568658168322,0.0035258036562931753,1.0,0.0,1
0,5,GluFib_HI,EGVNDNEEGFFSAR,0001-0014,1,14,2,900.0,15,1,155800.0,789.2402922897611,10.513767934625776,1.1,13,0.9231187031756025,1,1.0,789.3161111647859,6.5216711333972865,0.0502463154837599,1.0,0.0,2
0,5,GluFib_HI,EGVNDNEEGFFSAR,0001-0014,1,14,2,1000000.0,22,1,263300.0,792.2768770084399,7.156561034493961,1.1,13,0.9231187031756025,1,1.0,792.2945515313646,12.897328305658238,0.03126881986673365,1.0,0.0,1
