Index,data_id,sample,peptide,peptide_range,start_seq,end_seq,charge,time,time_idx,rep,max_Int,centroid,env_width,env_symm,max_namides,UN_TD_corr,fit_pops,p-value,centroid_1,Dabs_1,Dabs_std_1,pop_1,pop_std_1,centroid_2,Dabs_2,Dabs_std_2,pop_2,pop_std_2,centroid_3,Dabs_3,Dabs_std_3,pop_3,pop_std_3,centroid_4,Dabs_4,Dabs_std_4,pop_4,pop_std_4,solution_npops
0,5,GluFib_HI,EGVNDNEEGFFSAR,0001-0014,1,14,2,0.0,0,1,469600.0,786.2861979336595,3.011352546521721,2.0,13,0.9231187031756025,1,1.0,786.294279998986,0.00044195574514596544,0.0013538413801073288,1.0,0.0,,,,,,,,,,,,,,,,1
0,5,GluFib_HI,EGVNDNEEGFFSAR,0001-0014,1,14,2,900.0,15,1,155800.0,789.2402922897611,10.513767934625776,1.1,13,0.9231187031756025,2,1.933939453024891e-09,787.6701070024033,2.9261771485912935,0.43641266774191384,0.12939372398580706,0.038164510872392116,789.4667088015107,6.838425852402369,0.12189271903521719,0.8706062760141929,0.038164510872392116,,,,,,,,,,,2
0,5,GluFib_HI,EGVNDNEEGFFSAR,0001-0014,1,14,2,1000000.0,22,1,263300.0,792.2768770084399,7.156561034493961,1.1,13,0.9231187031756025,1,1.0,792.2945515313646,12.903345842837357,0.027717315153168744,1.0,0.0,,,,,,,,,,,,,,,,1
